"Dataset","Emb. dim","Reg. loss","Class. loss","Batch","Margin","Model","Trained Layers","Whitening","Ind. loss","Epochs","P@1","P@3","P@5","P@10","MAP","Correlation","Sparsity"
"CIFAR10",10000,"","Enable","10/40",0.2,"ResNet18",1,"ZCA2","NegApproxLoss1",1,0.8500000238418579,0.7966666221618652,0.7860000729560852,0.7559999823570251,0.34600338339805603,0.07957767695188522,1.349999934063817e-07
"CIFAR10",10000,"","Enable","10/40",0.2,"ResNet18",1,"ZCA2","NegApproxLoss1",2,0.8399999737739563,0.8066666126251221,0.7860000729560852,0.7709999680519104,0.3830406069755554,0.08016568422317505,1.2333332222169702e-07
"CIFAR10",10000,"","Enable","10/40",0.2,"ResNet18",1,"ZCA2","NegApproxLoss1",3,0.800000011920929,0.8033333420753479,0.8040000200271606,0.7790000438690186,0.39760687947273254,0.08035021275281906,1.199999957179898e-07
"CIFAR10",10000,"","Enable","10/40",0.2,"ResNet18",1,"ZCA2","NegApproxLoss1",4,0.8399999737739563,0.8100000619888306,0.8039999604225159,0.7820000648498535,0.40170878171920776,0.07993564009666443,1.216666589698434e-07
"CIFAR10",10000,"","Enable","10/40",0.2,"ResNet18",1,"ZCA2","NegApproxLoss1",5,0.8199999928474426,0.8133333325386047,0.8040000200271606,0.7899999022483826,0.40482327342033386,0.07911485433578491,1.049999838187432e-07
