Dataset,Emb. dim,Reg. loss,Class. loss,Batch,Margin,Model,Ind. loss,Epochs,P@1,P@3,P@5,P@10,Independence,Sparsity
CIFAR10,1024,,True,5/5,0.5,ResNet18,,1,0.699999988079071,0.6466666460037231,0.6439999938011169,0.6209999918937683,0.13416257500648499,0.5053115487098694
