"Dataset","Emb. dim","Reg. loss","Class. loss","Batch","Margin","Model","Trained Layers","Whitening","Ind. loss","Epochs","P@1","P@3","P@5","P@10","MAP","Correlation","Sparsity"
"CIFAR10",1024,"","Enable","10/40",0.2,"ResNet18",1,"Disable","NegApproxLoss1",2,0.7799999713897705,0.7833333611488342,0.7639999389648438,0.7350000143051147,0.41458427906036377,0.1144733875989914,3.2552083695236433e-08
"CIFAR10",1024,"","Enable","10/40",0.2,"ResNet18",1,"Disable","NegApproxLoss1",4,0.8100000023841858,0.7933333516120911,0.784000039100647,0.7610000371932983,0.5522553324699402,0.1391206681728363,2.278645894193687e-07
"CIFAR10",1024,"","Enable","10/40",0.2,"ResNet18",1,"Disable","NegApproxLoss1",6,0.8100000023841858,0.8033333420753479,0.800000011920929,0.7699999809265137,0.5784952044487,0.1617601364850998,2.4414063659605745e-07
"CIFAR10",1024,"","Enable","10/40",0.2,"ResNet18",1,"ZCA1","NegApproxLoss1",2,0.7099999785423279,0.6800000071525574,0.6759999990463257,0.6170000433921814,0.14174999296665192,0.05765591561794281,3.2552083695236433e-08
"CIFAR10",1024,"","Enable","10/40",0.2,"ResNet18",1,"ZCA1","NegApproxLoss1",4,0.7099999785423279,0.6766667366027832,0.6459999680519104,0.6209999918937683,0.14193351566791534,0.057305190712213516,3.2552083695236433e-08
"CIFAR10",1024,"","Enable","10/40",0.2,"ResNet18",1,"ZCA1","NegApproxLoss1",6,0.7200000286102295,0.6933333873748779,0.6899999976158142,0.6499999761581421,0.1404784470796585,0.05703183636069298,3.2552083695236433e-08
"CIFAR10",1024,"","Enable","10/40",0.2,"ResNet18",1,"ZCA2","NegApproxLoss1",2,0.800000011920929,0.7699999809265137,0.7639999389648438,0.7390000224113464,0.3693940043449402,0.07648264616727829,8.138020746173424e-08
"CIFAR10",1024,"","Enable","10/40",0.2,"ResNet18",1,"ZCA2","NegApproxLoss1",4,0.8100000023841858,0.7866666913032532,0.784000039100647,0.7680000066757202,0.40993472933769226,0.07741792500019073,3.2552083695236433e-08
"CIFAR10",1024,"","Enable","10/40",0.2,"ResNet18",1,"ZCA2","NegApproxLoss1",6,0.8100000023841858,0.7966667413711548,0.7919999957084656,0.7679999470710754,0.4267888367176056,0.07790593802928925,3.2552083695236433e-08
