"Dataset","Emb. dim","Reg. loss","Class. loss","Batch","Margin","Model","Trained Layers","Whitening","Ind. loss","Epochs","P@1","P@3","P@5","P@10","MAP","Independence","Sparsity"
"CIFAR10",1024,"","Enable","10/40",0.2,"ResNet18",1,"ZCA1","NegApproxLoss1",1,0.7900000214576721,0.6700000166893005,0.6459999680519104,0.6000000238418579,0.1442396491765976,0.057810358703136444,0.4992425739765167
"CIFAR10",1024,"","Enable","10/40",0.2,"ResNet18",1,"ZCA1","NegApproxLoss1",2,0.7300000190734863,0.6800000071525574,0.6540000438690186,0.5959999561309814,0.14097458124160767,0.0575789213180542,0.4975235164165497
"CIFAR10",1024,"","Enable","10/40",0.2,"ResNet18",1,"ZCA1","NegApproxLoss1",3,0.7400000095367432,0.6600000262260437,0.6179999709129333,0.609000027179718,0.14152343571186066,0.057335637509822845,0.5028354525566101
"CIFAR10",1024,"","Enable","10/40",0.2,"ResNet18",1,"ZCA2","NegApproxLoss1",1,0.800000011920929,0.7633333802223206,0.7560000419616699,0.7419999837875366,0.333903044462204,0.07683085650205612,0.5019571781158447
"CIFAR10",1024,"","Enable","10/40",0.2,"ResNet18",1,"ZCA2","NegApproxLoss1",2,0.800000011920929,0.7833333015441895,0.7799999713897705,0.7549999952316284,0.3769132196903229,0.07639558613300323,0.5049585103988647
"CIFAR10",1024,"","Enable","10/40",0.2,"ResNet18",1,"ZCA2","NegApproxLoss1",3,0.7900000214576721,0.7966666221618652,0.7839999198913574,0.7709999680519104,0.4001835286617279,0.07676549255847931,0.5066960453987122
