"Dataset","Emb. dim","Reg. loss","Class. loss","Batch","Margin","Model","Trained Layers","Whitening","Ind. loss","Epochs","P@1","P@3","P@5","P@10","MAP","Independence","Sparsity"
"CIFAR10",1024,"","Enable","10/40",0.2,"ResNet18",1,"ZCA1","NegApproxLoss1",1,0.10000000149011612,0.10000000894069672,0.10000000149011612,0.10000000149011612,0.1001429557800293,0.0,1.0
"CIFAR10",1024,"","Enable","10/40",0.2,"ResNet18",1,"ZCA1","NegApproxLoss1",2,0.10000000149011612,0.10000000894069672,0.10000000149011612,0.10000000149011612,0.1001429557800293,0.0,1.0
"CIFAR10",1024,"","Enable","10/40",0.2,"ResNet18",1,"ZCA1","NegApproxLoss1",3,0.10000000149011612,0.10000000894069672,0.10000000149011612,0.10000000149011612,0.1001429557800293,0.0,1.0
"CIFAR10",1024,"","Enable","10/40",0.2,"ResNet18",1,"ZCA2","NegApproxLoss1",1,0.7699999809265137,0.7500000596046448,0.7260000705718994,0.7260000109672546,0.3234018087387085,0.07664629817008972,0.5000889301300049
"CIFAR10",1024,"","Enable","10/40",0.2,"ResNet18",1,"ZCA2","NegApproxLoss1",2,0.7699999809265137,0.7466667294502258,0.7480000257492065,0.7390000224113464,0.35990917682647705,0.07591825723648071,0.5052879452705383
"CIFAR10",1024,"","Enable","10/40",0.2,"ResNet18",1,"ZCA2","NegApproxLoss1",3,0.7799999713897705,0.7933333516120911,0.7720000743865967,0.7489999532699585,0.3850111663341522,0.0763443112373352,0.5053409337997437
